team,total_plays,avg_defenders,coverage_area,avg_spacing
ARI,114,11.475352112676056,102.35400211616607,0.32716689183012254
LA,107,11.551401869158878,100.44738822785486,0.22601355640093787
SF,99,11.44421906693712,95.73347002480934,0.45895659132873123
SEA,101,11.323353293413174,100.92857869274445,0.2316764302547088
