gameId,playId,avg_sideline_dist,min_defender_spacing,avg_movement_angles
2022091102,989,22.159494949494945,0.12041594578792172,8.0
2022091102,467,21.66784915400057,0.6476109943476962,8.0
2022091102,1992,19.558424947145877,0.8864536084872032,8.0
