area,width,depth,avg_spacing,n_defenders,gameId,playId,pass_result
52.50353597267357,14.370000000000005,19.51,3.66032895121315,11,2022091102,989,
56.41067965852247,15.399999999999991,21.870000000000005,4.613291578767102,11,2022091102,467,
78.74035090789064,15.259999999999991,35.019999999999996,5.913435753878926,11,2022091102,1992,I
