gameId,playId,avg_speed,max_speed,direction_changes,defender_spread,pass_result,n_frames
2022091102,989,1.2025727866904339,5.73,326,35.85893731196171,,153
2022091102,467,0.5041726412388874,6.15,716,25.401135520472955,,317
2022091102,1992,1.4599365750528541,8.58,388,31.622733687003446,I,172
